Club,Total_PlayersDerry City,18
None,241,
AS Monaco,33,
Arsenal,33,
Atlético Madrid,33,
Borussia Dortmund,33,
Burnley,33,
CD Leganés,33,
Cardiff City,33,
Chelsea,33,
Eintracht Frankfurt,33,
Empoli,33,
Everton,33,
FC Barcelona,33,
Fortuna Düsseldorf,33,
Frosinone,33,
Liverpool,33,
Manchester City,33,
Manchester United,33,
Newcastle United,33,
RC Celta,33,
Rayo Vallecano,33,
Real Madrid,33,
Southampton,33,
TSG 1899 Hoffenheim,33,
Tottenham Hotspur,33,
Valencia CF,33,
Wolverhampton Wanderers,33,
1. FSV Mainz 05,32,
Bournemouth,32,
Brighton & Hove Albion,32,
Crystal Palace,32,
FC Nantes,32,
Fulham,32,
Hertha BSC,32,
Huddersfield Town,32,
Lazio,32,
Leicester City,32,
Levante UD,32,
SV Werder Bremen,32,
VfL Wolfsburg,32,
Villarreal CF,32,
West Ham United,32,
Athletic Club de Bilbao,31,
FC Augsburg,31,
FC Girondins de Bordeaux,31,
Real Sociedad,31,
Toulouse Football Club,31,
AS Nancy Lorraine,30,
AZ Alkmaar,30,
Ajax,30,
Al Ahli,30,
Al Batin,30,
Al Faisaly,30,
Al Hazem,30,
Al Hilal,30,
Al Ittihad,30,
Al Qadisiyah,30,
Al Raed,30,
Al Shabab,30,
Al Wehda,30,
Alanyaspor,30,
Albacete BP,30,
Angers SCO,30,
Antalyaspor,30,
Ascoli,30,
Aston Villa,30,
Birmingham City,30,
Blackburn Rovers,30,
Bolton Wanderers,30,
Borussia Mönchengladbach,30,
Brentford,30,
Brescia,30,
Bristol City,30,
Bursaspor,30,
CD Lugo,30,
CD Tenerife,30,
Carpi,30,
Cerezo Osaka,30,
Club América,30,
Club León,30,
Club Necaxa,30,
Cosenza,30,
Cádiz CF,30,
De Graafschap,30,
Deportivo de La Coruña,30,
Derby County,30,
ESTAC Troyes,30,
Ettifaq FC,30,
Extremadura UD,30,
FC Emmen,30,
FC Ingolstadt 04,30,
FC Lorient,30,
FC St. Pauli,30,
FC Tokyo,30,
Fenerbahçe SK,30,
Galatasaray SK,30,
Gamba Osaka,30,
Gimnàstic de Tarragona,30,
Hamburger SV,30,
Houston Dynamo,30,
Hull City,30,
Ipswich Town,30,
Júbilo Iwata,30,
Kashima Antlers,30,
Kawasaki Frontale,30,
Le Havre AC,30,
Leeds United,30,
Livorno,30,
Middlesbrough,30,
Millwall,30,
Minnesota United FC,30,
Málaga CF,30,
NAC Breda,30,
Norwich City,30,
Nottingham Forest,30,
Orlando City SC,30,
PSV,30,
Padova,30,
Palermo,30,
Paris Saint-Germain,30,
Portland Timbers,30,
Puebla FC,30,
Queens Park Rangers,30,
Querétaro,30,
Racing Club de Lens,30,
Reading,30,
Real Oviedo,30,
Real Salt Lake,30,
Real Sporting de Gijón,30,
Real Valladolid CF,30,
Real Zaragoza,30,
SC Freiburg,30,
SC Paderborn 07,30,
SD Huesca,30,
Sagan Tosu,30,
Sevilla FC,30,
Sheffield United,30,
Sheffield Wednesday,30,
Shimizu S-Pulse,30,
Shonan Bellmare,30,
Sporting CP,30,
Stoke City,30,
Swansea City,30,
Tigres U.A.N.L.,30,
UD Almería,30,
Udinese,30,
V-Varen Nagasaki,30,
Vissel Kobe,30,
Vitória Guimarães,30,
West Bromwich Albion,30,
Wigan Athletic,30,
Yeni Malatyaspor,30,
Yokohama F. Marinos,30,
Çaykur Rizespor,30,
 SSV Jahn Regensburg,29,
1. FC Nürnberg,29,
AD Alcorcón,29,
Al Nassr,29,
Al Taawoun,29,
Amiens SC,29,
Atlanta United,29,
Cittadella,29,
Club Atlas,29,
FC Bayern München,29,
FC Dallas,29,
FC Erzgebirge Aue,29,
FC Schalke 04,29,
Girona FC,29,
Granada CF,29,
Guadalajara,29,
Hannover 96,29,
Hellas Verona,29,
Heracles Almelo,29,
Hokkaido Consadole Sapporo,29,
Holstein Kiel,29,
Lecce,29,
MKE Ankaragücü,29,
Montreal Impact,29,
New York Red Bulls,29,
Olympique Lyonnais,29,
Olympique de Marseille,29,
Pachuca,29,
Parma,29,
Philadelphia Union,29,
Preston North End,29,
RCD Espanyol,29,
SD Eibar,29,
SV Sandhausen,29,
Stade de Reims,29,
Tiburones Rojos de Veracruz,29,
U.N.A.M.,29,
UD Las Palmas,29,
Valenciennes FC,29,
Watford,29,
1. FC Heidenheim 1846,28,
1. FC Köln,28,
1. FC Union Berlin,28,
ADO Den Haag,28,
AEK Athens,28,
Accrington Stanley,28,
Al Fateh,28,
Al Fayha,28,
Alianza Petrolera,28,
América de Cali,28,
Argentinos Juniors,28,
Atlético Bucaramanga,28,
Atlético Huila,28,
Atlético Nacional,28,
Atlético Tucumán,28,
Audax Italiano,28,
Barnsley,28,
Beijing Renhe FC,28,
Beijing Sinobo Guoan FC,28,
Beşiktaş JK,28,
Blackpool,28,
Bologna,28,
Boyacá Chicó FC,28,
Bradford City,28,
Bristol Rovers,28,
Burton Albion,28,
Bury,28,
CD Antofagasta,28,
CD Aves,28,
CD Numancia,28,
CD O'Higgins,28,
CD Palestino,28,
CF Reus Deportiu,28,
Cambridge United,28,
Celtic,28,
Chamois Niortais Football Club,28,
Changchun Yatai FC,28,
Charlton Athletic,28,
Chievo Verona,28,
Chongqing Dangdai Lifan FC SWM Team,28,
Club Atlético Aldosivi,28,
Club Atlético Colón,28,
Club Atlético Huracán,28,
Club Atlético Lanús,28,
Club Atlético Talleres,28,
Club Atlético Tigre,28,
Club Brugge KV,28,
Club Deportes Temuco,28,
Club Tijuana,28,
Colchester United,28,
Colo-Colo,28,
Coventry City,28,
Crewe Alexandra,28,
Curicó Unido,28,
DC United,28,
DSC Arminia Bielefeld,28,
Daegu FC,28,
Dalian YiFang FC,28,
Defensa y Justicia,28,
Deportes Iquique,28,
Deportes Tolima,28,
Deportivo Cali,28,
Deportivo Pasto,28,
Deportivo Toluca,28,
Dinamo Zagreb,28,
Doncaster Rovers,28,
Dynamo Kyiv,28,
Eintracht Braunschweig,28,
Envigado FC,28,
Estudiantes de La Plata,28,
Exeter City,28,
FC Carl Zeiss Jena,28,
FC Energie Cottbus,28,
FC Porto,28,
FC Seoul,28,
FC Sochaux-Montbéliard,28,
Feyenoord,28,
Fleetwood Town,28,
Gangwon FC,28,
Getafe CF,28,
Gillingham,28,
Gimnasia y Esgrima La Plata,28,
Godoy Cruz,28,
Guangzhou Evergrande Taobao FC,28,
Guangzhou R&F; FC,28,
Guizhou Hengfeng FC,28,
Gyeongnam FC,28,
Göztepe SK,28,
Hamilton Academical FC,28,
Hebei China Fortune FC,28,
Henan Jianye FC,28,
Incheon United FC,28,
Independiente,28,
Independiente Medellín,28,
Independiente Santa Fe,28,
Itagüí Leones FC,28,
Jaguares de Córdoba,28,
Jeju United FC,28,
Jeonbuk Hyundai Motors,28,
Jeonnam Dragons,28,
Jiangsu Suning FC,28,
Junior FC,28,
KAA Gent,28,
KAS Eupen,28,
KFC Uerdingen 05,28,
KSV Cercle Brugge,28,
KV Kortrijk,28,
Karlsruher SC,28,
Kashiwa Reysol,28,
Kilmarnock,28,
La Equidad,28,
Lincoln City,28,
Livingston FC,28,
Lokomotiv Moscow,28,
Mansfield Town,28,
Medipol Başakşehir FK,28,
Millonarios FC,28,
Milton Keynes Dons,28,
Monarcas Morelia,28,
Montpellier HSC,28,
Morecambe,28,
Motherwell,28,
Newell's Old Boys,28,
Northampton Town,28,
Notts County,28,
OGC Nice,28,
Olympiacos CFP,28,
Once Caldas,28,
Orlando Pirates,28,
Oxford United,28,
PFC CSKA Moscow,28,
Panathinaikos FC,28,
Patriotas Boyacá FC,28,
Patronato,28,
Pescara,28,
Plymouth Argyle,28,
Portsmouth,28,
RB Leipzig,28,
RC Strasbourg Alsace,28,
RCD Mallorca,28,
RSC Anderlecht,28,
Racing Club,28,
Rangers FC,28,
Red Star FC,28,
Rio Ave FC,28,
Rionegro Águilas,28,
Rochdale,28,
Rosario Central,28,
Royal Excel Mouscron,28,
SC Braga,28,
SG Dynamo Dresden,28,
SK Slavia Praha,28,
SL Benfica,28,
SV Meppen,28,
San Lorenzo de Almagro,28,
San Luis de Quillota,28,
San Martin de Tucumán,28,
San Martín de San Juan,28,
Sangju Sangmu FC,28,
Shakhtar Donetsk,28,
Shanghai Greenland Shenhua FC,28,
Shanghai SIPG FC,28,
Sint-Truidense VV,28,
Southend United,28,
SpVgg Greuther Fürth,28,
Sparta Praha,28,
Spezia,28,
Sporting Lokeren,28,
Sporting de Charleroi,28,
Stade Malherbe Caen,28,
Standard de Liège,28,
Stevenage,28,
Sunderland,28,
Suwon Samsung Bluewings,28,
TSV 1860 München,28,
Tianjin TEDA FC,28,
Toronto FC,28,
Trabzonspor,28,
Tranmere Rovers,28,
US Salernitana 1919,28,
Ulsan Hyundai FC,28,
Universidad Católica,28,
Universidad de Chile,28,
Unión Española,28,
Unión de Santa Fe,28,
Venezia FC,28,
VfL Sportfreunde Lotte,28,
Vitesse,28,
Vitória de Setúbal,28,
Vélez Sarsfield,28,
Waasland-Beveren,28,
Willem II,28,
Yeovil Town,28,
AIK,27,
AJ Auxerre,27,
Aalborg BK,27,
Aarhus GF,27,
Aberdeen,27,
Arka Gdynia,27,
Atiker Konyaspor,27,
BK Häcken,27,
Belgrano de Córdoba,27,
Boavista FC,27,
Boca Juniors,27,
Brøndby IF,27,
CD Everton de Viña del Mar,27,
CD Huachipato,27,
CD Universidad de Concepción,27,
Club Atlético Banfield,27,
Cracovia,27,
Deportivo Alavés,27,
Dundee FC,27,
FC Admira Wacker Mödling,27,
FC Basel 1893,27,
FC Lugano,27,
FC Luzern,27,
FC Midtjylland,27,
FC Nordsjælland,27,
FC Red Bull Salzburg,27,
FC Sion,27,
FC Wacker Innsbruck,27,
FC Würzburger Kickers,27,
FC Zürich,27,
FK Austria Wien,27,
FK Bodø/Glimt,27,
Foggia,27,
Fortuna Sittard,27,
Genoa,27,
Grasshopper Club Zürich,27,
Górnik Zabrze,27,
Hammarby IF,27,
Heart of Midlothian,27,
IF Elfsborg,27,
IK Sirius,27,
Jagiellonia Białystok,27,
Kaizer Chiefs,27,
Kalmar FF,27,
Korona Kielce,27,
Lech Poznań,27,
Lechia Gdańsk,27,
Legia Warszawa,27,
Lobos BUAP,27,
Malmö FF,27,
Miedź Legnica,27,
Milan,27,
Nagoya Grampus,27,
Neuchâtel Xamax,27,
New England Revolution,27,
Nîmes Olympique,27,
Odense Boldklub,27,
PAOK,27,
PEC Zwolle,27,
Piast Gliwice,27,
Pohang Steelers,27,
Portimonense SC,27,
Real Betis,27,
SC Heerenveen,27,
SC Preußen Münster,27,
SK Brann,27,
SK Rapid Wien,27,
SKN St. Pölten,27,
SPAL,27,
SV Darmstadt 98,27,
SV Mattersburg,27,
Sampdoria,27,
Sassuolo,27,
Scunthorpe United,27,
Seattle Sounders FC,27,
Shandong Luneng TaiShan FC,27,
Shrewsbury,27,
Sivasspor,27,
Spartak Moscow,27,
Sporting Kansas City,27,
St. Johnstone FC,27,
St. Mirren,27,
Stabæk Fotball,27,
Stade Rennais FC,27,
SønderjyskE,27,
Trelleborgs FF,27,
Unión La Calera,27,
Urawa Red Diamonds,27,
Vancouver Whitecaps FC,27,
Vegalta Sendai,27,
Vejle Boldklub,27,
Vendsyssel FF,27,
VfB Stuttgart,27,
Walsall,27,
Zagłębie Lubin,27,
Örebro SK,27,
1. FC Kaiserslautern,26,
1. FC Magdeburg,26,
AFC Wimbledon,26,
AS Béziers,26,
Akhisar Belediyespor,26,
Bayer 04 Leverkusen,26,
CD Feirense,26,
CD Nacional,26,
CF Rayo Majadahonda,26,
Columbus Crew SC,26,
Córdoba CF,26,
Dijon FCO,26,
Elche CF,26,
Excelsior,26,
FC Groningen,26,
FC Metz,26,
FC Thun,26,
FC Utrecht,26,
Grenoble Foot 38,26,
HJK Helsinki,26,
IF Brommapojkarna,26,
KV Oostende,26,
MSV Duisburg,26,
Macclesfield Town,26,
Molde FK,26,
Monterrey,26,
New York City FC,26,
Newport County,26,
Perugia,26,
Peterborough United,26,
Pogoń Szczecin,26,
Port Vale,26,
Roma,26,
Rosenborg BK,26,
Rotherham United,26,
SC Fortuna Köln,26,
SCR Altach,26,
SV Zulte-Waregem,26,
San Jose Earthquakes,26,
Sanfrecce Hiroshima,26,
Santa Clara,26,
Santos Laguna,26,
Sarpsborg 08 FF,26,
SpVgg Unterhaching,26,
Swindon Town,26,
TSV Hartberg,26,
Tianjin Quanjian FC,26,
Torino,26,
VVV-Venlo,26,
VfL Bochum 1848,26,
VfL Osnabrück,26,
Vålerenga Fotball,26,
Wisła Kraków,26,
Wisła Płock,26,
Wolfsberger AC,26,
AC Horsens,25,
Adelaide United,25,
BB Erzurumspor,25,
Benevento,25,
Bohemian FC,25,
CA Osasuna,25,
CD Tondela,25,
Carlisle United,25,
Central Coast Mariners,25,
Clermont Foot 63,25,
Cork City,25,
Cruz Azul,25,
Djurgårdens IF,25,
En Avant de Guingamp,25,
Esbjerg fB,25,
FC Hansa Rostock,25,
FC St. Gallen,25,
FSV Zwickau,25,
GD Chaves,25,
Grimsby Town,25,
Hallescher FC,25,
Hibernian,25,
Hobro IK,25,
Juventus,25,
KRC Genk,25,
Kayserispor,25,
LA Galaxy,25,
LOSC Lille,25,
Los Angeles FC,25,
Luton Town,25,
Melbourne City FC,25,
Moreirense FC,25,
Napoli,25,
Ohod Club,25,
Oldham Athletic,25,
Paris FC,25,
Perth Glory,25,
Randers FC,25,
River Plate,25,
Royal Antwerp FC,25,
SK Sturm Graz,25,
Stade Brestois 29,25,
Sydney FC,25,
US Cremonese,25,
US Orléans Loiret Football,25,
Waterford FC,25,
Western Sydney Wanderers,25,
Wycombe Wanderers,25,
Zagłębie Sosnowiec,25,
Śląsk Wrocław,25,
AS Saint-Étienne,24,
Atalanta,24,
BSC Young Boys,24,
Cagliari,24,
Cheltenham Town,24,
Crawley Town,24,
Crotone,24,
Fiorentina,24,
Forest Green Rovers,24,
IFK Norrköping,24,
IK Start,24,
Inter,24,
Kristiansund BK,24,
LASK Linz,24,
La Berrichonne de Châteauroux,24,
Lillestrøm SK,24,
Newcastle Jets,24,
Os Belenenses,24,
Ranheim Fotball,24,
SG Sonnenhof Großaspach,24,
SV Wehen Wiesbaden,24,
Sandefjord Fotball,24,
Strømsgodset IF,24,
VfR Aalen,24,
Viktoria Plzeň,24,
AC Ajaccio,23,
Bray Wanderers,23,
Brisbane Roar,23,
Chicago Fire,23,
Clube Sport Marítimo,23,
Colorado Rapids,23,
Dundalk,23,
FC København,23,
GFC Ajaccio,23,
GIF Sundsvall,23,
IFK Göteborg,23,
Kasimpaşa SK,23,
Odds BK,23,
St. Patrick's Athletic,23,
FK Haugesund,22,
Shamrock Rovers,22,
Östersunds FK,22,
Dalkurd FF,21,
Melbourne Victory,21,
Wellington Phoenix,21,
América FC (Minas Gerais),20,
Atlético Mineiro,20,
Atlético Paranaense,20,
Bahia,20,
Botafogo,20,
Ceará Sporting Club,20,
Chapecoense,20,
Cruzeiro,20,
Fluminense,20,
Grêmio,20,
Internacional,20,
Paraná,20,
Santos,20,
Sport Club do Recife,20,
Tromsø IL,20,
Vitória,20,
Limerick FC,19,
Sligo Rovers,19,
